target	mode	source	reason	name
01020-1.avif	official	https://assets.arkham.build/optimized/01020-1.avif	no-local-mutation	Machete
01020-2.avif	official	https://assets.arkham.build/optimized/01020-2.avif	no-local-mutation	Machete
01020-3.avif	official	https://assets.arkham.build/optimized/01020-3.avif	no-local-mutation	Machete
01020-4.avif	official	https://assets.arkham.build/optimized/01020-4.avif	no-local-mutation	Machete
01033-1.avif	local-alias	01033-t.avif	unambiguous-local-mutation	Dr. Milan Christopher
01033-10.avif	local-alias	01033-t.avif	unambiguous-local-mutation	Dr. Milan Christopher
01033-2.avif	local-alias	01033-t.avif	unambiguous-local-mutation	Dr. Milan Christopher
01033-3.avif	local-alias	01033-t.avif	unambiguous-local-mutation	Dr. Milan Christopher
01033-4.avif	local-alias	01033-t.avif	unambiguous-local-mutation	Dr. Milan Christopher
01033-5.avif	local-alias	01033-t.avif	unambiguous-local-mutation	Dr. Milan Christopher
01033-6.avif	local-alias	01033-t.avif	unambiguous-local-mutation	Dr. Milan Christopher
01033-7.avif	local-alias	01033-t.avif	unambiguous-local-mutation	Dr. Milan Christopher
01033-8.avif	local-alias	01033-t.avif	unambiguous-local-mutation	Dr. Milan Christopher
01033-9.avif	local-alias	01033-t.avif	unambiguous-local-mutation	Dr. Milan Christopher
01050-1.avif	local-alias	01050-t.avif	unambiguous-local-mutation	Elusive
01050-10.avif	local-alias	01050-t.avif	unambiguous-local-mutation	Elusive
01050-2.avif	local-alias	01050-t.avif	unambiguous-local-mutation	Elusive
01050-3.avif	local-alias	01050-t.avif	unambiguous-local-mutation	Elusive
01050-4.avif	local-alias	01050-t.avif	unambiguous-local-mutation	Elusive
01050-5.avif	local-alias	01050-t.avif	unambiguous-local-mutation	Elusive
01050-6.avif	local-alias	01050-t.avif	unambiguous-local-mutation	Elusive
01050-7.avif	local-alias	01050-t.avif	unambiguous-local-mutation	Elusive
01050-8.avif	local-alias	01050-t.avif	unambiguous-local-mutation	Elusive
01050-9.avif	local-alias	01050-t.avif	unambiguous-local-mutation	Elusive
01073-10.avif	local-alias	01073-t.avif	unambiguous-local-mutation	Scavenging
01073-7.avif	local-alias	01073-t.avif	unambiguous-local-mutation	Scavenging
01073-8.avif	local-alias	01073-t.avif	unambiguous-local-mutation	Scavenging
01073-9.avif	local-alias	01073-t.avif	unambiguous-local-mutation	Scavenging
01520-1.avif	official	https://assets.arkham.build/optimized/01520-1.avif	no-local-mutation	Machete
01520-2.avif	official	https://assets.arkham.build/optimized/01520-2.avif	no-local-mutation	Machete
01520-3.avif	official	https://assets.arkham.build/optimized/01520-3.avif	no-local-mutation	Machete
01520-4.avif	official	https://assets.arkham.build/optimized/01520-4.avif	no-local-mutation	Machete
01533-1.avif	official	https://assets.arkham.build/optimized/01533-1.avif	no-local-mutation	Dr. Milan Christopher
01533-10.avif	official	https://assets.arkham.build/optimized/01533-10.avif	no-local-mutation	Dr. Milan Christopher
01533-2.avif	official	https://assets.arkham.build/optimized/01533-2.avif	no-local-mutation	Dr. Milan Christopher
01533-3.avif	official	https://assets.arkham.build/optimized/01533-3.avif	no-local-mutation	Dr. Milan Christopher
01533-4.avif	official	https://assets.arkham.build/optimized/01533-4.avif	no-local-mutation	Dr. Milan Christopher
01533-5.avif	official	https://assets.arkham.build/optimized/01533-5.avif	no-local-mutation	Dr. Milan Christopher
01533-6.avif	official	https://assets.arkham.build/optimized/01533-6.avif	no-local-mutation	Dr. Milan Christopher
01533-7.avif	official	https://assets.arkham.build/optimized/01533-7.avif	no-local-mutation	Dr. Milan Christopher
01533-8.avif	official	https://assets.arkham.build/optimized/01533-8.avif	no-local-mutation	Dr. Milan Christopher
01533-9.avif	official	https://assets.arkham.build/optimized/01533-9.avif	no-local-mutation	Dr. Milan Christopher
01550-1.avif	official	https://assets.arkham.build/optimized/01550-1.avif	no-local-mutation	Elusive
01550-10.avif	official	https://assets.arkham.build/optimized/01550-10.avif	no-local-mutation	Elusive
01550-2.avif	official	https://assets.arkham.build/optimized/01550-2.avif	no-local-mutation	Elusive
01550-3.avif	official	https://assets.arkham.build/optimized/01550-3.avif	no-local-mutation	Elusive
01550-4.avif	official	https://assets.arkham.build/optimized/01550-4.avif	no-local-mutation	Elusive
01550-5.avif	official	https://assets.arkham.build/optimized/01550-5.avif	no-local-mutation	Elusive
01550-6.avif	official	https://assets.arkham.build/optimized/01550-6.avif	no-local-mutation	Elusive
01550-7.avif	official	https://assets.arkham.build/optimized/01550-7.avif	no-local-mutation	Elusive
01550-8.avif	official	https://assets.arkham.build/optimized/01550-8.avif	no-local-mutation	Elusive
01550-9.avif	official	https://assets.arkham.build/optimized/01550-9.avif	no-local-mutation	Elusive
01573-10.avif	official	https://assets.arkham.build/optimized/01573-10.avif	no-local-mutation	Scavenging
01573-7.avif	official	https://assets.arkham.build/optimized/01573-7.avif	no-local-mutation	Scavenging
01573-8.avif	official	https://assets.arkham.build/optimized/01573-8.avif	no-local-mutation	Scavenging
01573-9.avif	official	https://assets.arkham.build/optimized/01573-9.avif	no-local-mutation	Scavenging
01692-10.avif	official	https://assets.arkham.build/optimized/01692-10.avif	no-local-mutation	Eucatastrophe
01692-4.avif	official	https://assets.arkham.build/optimized/01692-4.avif	no-local-mutation	Eucatastrophe
01692-5.avif	official	https://assets.arkham.build/optimized/01692-5.avif	no-local-mutation	Eucatastrophe
01692-6.avif	official	https://assets.arkham.build/optimized/01692-6.avif	no-local-mutation	Eucatastrophe
01692-7.avif	official	https://assets.arkham.build/optimized/01692-7.avif	no-local-mutation	Eucatastrophe
01692-8.avif	official	https://assets.arkham.build/optimized/01692-8.avif	no-local-mutation	Eucatastrophe
01692-9.avif	official	https://assets.arkham.build/optimized/01692-9.avif	no-local-mutation	Eucatastrophe
02002-1.avif	local-alias	02002-t.avif	unambiguous-local-mutation	Rex Murphy
02002-10.avif	local-alias	02002-t.avif	unambiguous-local-mutation	Rex Murphy
02002-2.avif	local-alias	02002-t.avif	unambiguous-local-mutation	Rex Murphy
02002-3.avif	local-alias	02002-t.avif	unambiguous-local-mutation	Rex Murphy
02002-4.avif	local-alias	02002-t.avif	unambiguous-local-mutation	Rex Murphy
02002-5.avif	local-alias	02002-t.avif	unambiguous-local-mutation	Rex Murphy
02002-6.avif	local-alias	02002-t.avif	unambiguous-local-mutation	Rex Murphy
02002-7.avif	local-alias	02002-t.avif	unambiguous-local-mutation	Rex Murphy
02002-8.avif	local-alias	02002-t.avif	unambiguous-local-mutation	Rex Murphy
02002-9.avif	local-alias	02002-t.avif	unambiguous-local-mutation	Rex Murphy
02026-10.avif	local-alias	02026-t.avif	unambiguous-local-mutation	Double or Nothing
02026-2.avif	local-alias	02026-t.avif	unambiguous-local-mutation	Double or Nothing
02026-3.avif	local-alias	02026-t.avif	unambiguous-local-mutation	Double or Nothing
02026-4.avif	local-alias	02026-t.avif	unambiguous-local-mutation	Double or Nothing
02026-5.avif	local-alias	02026-t.avif	unambiguous-local-mutation	Double or Nothing
02026-6.avif	local-alias	02026-t.avif	unambiguous-local-mutation	Double or Nothing
02026-7.avif	local-alias	02026-t.avif	unambiguous-local-mutation	Double or Nothing
02026-8.avif	local-alias	02026-t.avif	unambiguous-local-mutation	Double or Nothing
02026-9.avif	local-alias	02026-t.avif	unambiguous-local-mutation	Double or Nothing
02029-10.avif	local-alias	02029-t.avif	unambiguous-local-mutation	Ritual Candles
02029-5.avif	local-alias	02029-t.avif	unambiguous-local-mutation	Ritual Candles
02029-6.avif	local-alias	02029-t.avif	unambiguous-local-mutation	Ritual Candles
02029-7.avif	local-alias	02029-t.avif	unambiguous-local-mutation	Ritual Candles
02029-8.avif	local-alias	02029-t.avif	unambiguous-local-mutation	Ritual Candles
02029-9.avif	local-alias	02029-t.avif	unambiguous-local-mutation	Ritual Candles
02108-10.avif	local-alias	02108-t.avif	unambiguous-local-mutation	Pathfinder
02108-3.avif	local-alias	02108-t.avif	unambiguous-local-mutation	Pathfinder
02108-4.avif	local-alias	02108-t.avif	unambiguous-local-mutation	Pathfinder
02108-5.avif	local-alias	02108-t.avif	unambiguous-local-mutation	Pathfinder
02108-6.avif	local-alias	02108-t.avif	unambiguous-local-mutation	Pathfinder
02108-7.avif	local-alias	02108-t.avif	unambiguous-local-mutation	Pathfinder
02108-8.avif	local-alias	02108-t.avif	unambiguous-local-mutation	Pathfinder
02108-9.avif	local-alias	02108-t.avif	unambiguous-local-mutation	Pathfinder
02111-1.avif	local-alias	02111-t.avif	unambiguous-local-mutation	Delve Too Deep
02111-10.avif	local-alias	02111-t.avif	unambiguous-local-mutation	Delve Too Deep
02111-2.avif	local-alias	02111-t.avif	unambiguous-local-mutation	Delve Too Deep
02111-3.avif	local-alias	02111-t.avif	unambiguous-local-mutation	Delve Too Deep
02111-4.avif	local-alias	02111-t.avif	unambiguous-local-mutation	Delve Too Deep
02111-5.avif	local-alias	02111-t.avif	unambiguous-local-mutation	Delve Too Deep
02111-6.avif	local-alias	02111-t.avif	unambiguous-local-mutation	Delve Too Deep
02111-7.avif	local-alias	02111-t.avif	unambiguous-local-mutation	Delve Too Deep
02111-8.avif	local-alias	02111-t.avif	unambiguous-local-mutation	Delve Too Deep
02111-9.avif	local-alias	02111-t.avif	unambiguous-local-mutation	Delve Too Deep
02152-1.avif	official	https://assets.arkham.build/optimized/02152-1.avif	no-local-mutation	Switchblade
02152-2.avif	official	https://assets.arkham.build/optimized/02152-2.avif	no-local-mutation	Switchblade
02152-3.avif	official	https://assets.arkham.build/optimized/02152-3.avif	no-local-mutation	Switchblade
02152-4.avif	official	https://assets.arkham.build/optimized/02152-4.avif	no-local-mutation	Switchblade
02152-5.avif	official	https://assets.arkham.build/optimized/02152-5.avif	no-local-mutation	Switchblade
02153-10.avif	local-alias	02153-t.avif	unambiguous-local-mutation	Hypnotic Gaze
02153-6.avif	local-alias	02153-t.avif	unambiguous-local-mutation	Hypnotic Gaze
02153-7.avif	local-alias	02153-t.avif	unambiguous-local-mutation	Hypnotic Gaze
02153-8.avif	local-alias	02153-t.avif	unambiguous-local-mutation	Hypnotic Gaze
02153-9.avif	local-alias	02153-t.avif	unambiguous-local-mutation	Hypnotic Gaze
02187-1.avif	official	https://assets.arkham.build/optimized/02187-1.avif	no-local-mutation	Higher Education
02187-2.avif	official	https://assets.arkham.build/optimized/02187-2.avif	no-local-mutation	Higher Education
02187-3.avif	official	https://assets.arkham.build/optimized/02187-3.avif	no-local-mutation	Higher Education
02187-4.avif	official	https://assets.arkham.build/optimized/02187-4.avif	no-local-mutation	Higher Education
02187-5.avif	official	https://assets.arkham.build/optimized/02187-5.avif	no-local-mutation	Higher Education
02189-1.avif	official	https://assets.arkham.build/optimized/02189-1.avif	no-local-mutation	Streetwise
02189-2.avif	official	https://assets.arkham.build/optimized/02189-2.avif	no-local-mutation	Streetwise
02189-3.avif	official	https://assets.arkham.build/optimized/02189-3.avif	no-local-mutation	Streetwise
02189-4.avif	official	https://assets.arkham.build/optimized/02189-4.avif	no-local-mutation	Streetwise
02189-5.avif	official	https://assets.arkham.build/optimized/02189-5.avif	no-local-mutation	Streetwise
02193-1.avif	official	https://assets.arkham.build/optimized/02193-1.avif	no-local-mutation	Scrapper
02193-2.avif	official	https://assets.arkham.build/optimized/02193-2.avif	no-local-mutation	Scrapper
02193-3.avif	official	https://assets.arkham.build/optimized/02193-3.avif	no-local-mutation	Scrapper
02193-4.avif	official	https://assets.arkham.build/optimized/02193-4.avif	no-local-mutation	Scrapper
02193-5.avif	official	https://assets.arkham.build/optimized/02193-5.avif	no-local-mutation	Scrapper
02226-10.avif	local-alias	02226-t.avif	unambiguous-local-mutation	Springfield M1903
02226-2.avif	local-alias	02226-t.avif	unambiguous-local-mutation	Springfield M1903
02226-3.avif	local-alias	02226-t.avif	unambiguous-local-mutation	Springfield M1903
02226-4.avif	local-alias	02226-t.avif	unambiguous-local-mutation	Springfield M1903
02226-5.avif	local-alias	02226-t.avif	unambiguous-local-mutation	Springfield M1903
02226-6.avif	local-alias	02226-t.avif	unambiguous-local-mutation	Springfield M1903
02226-7.avif	local-alias	02226-t.avif	unambiguous-local-mutation	Springfield M1903
02226-8.avif	local-alias	02226-t.avif	unambiguous-local-mutation	Springfield M1903
02226-9.avif	local-alias	02226-t.avif	unambiguous-local-mutation	Springfield M1903
02229-1.avif	official	https://assets.arkham.build/optimized/02229-1.avif	multiple-historical-mutations	Quick Thinking
02229-10.avif	official	https://assets.arkham.build/optimized/02229-10.avif	multiple-historical-mutations	Quick Thinking
02229-2.avif	official	https://assets.arkham.build/optimized/02229-2.avif	multiple-historical-mutations	Quick Thinking
02229-3.avif	official	https://assets.arkham.build/optimized/02229-3.avif	multiple-historical-mutations	Quick Thinking
02229-4.avif	official	https://assets.arkham.build/optimized/02229-4.avif	multiple-historical-mutations	Quick Thinking
02229-5.avif	official	https://assets.arkham.build/optimized/02229-5.avif	multiple-historical-mutations	Quick Thinking
02229-6.avif	official	https://assets.arkham.build/optimized/02229-6.avif	multiple-historical-mutations	Quick Thinking
02229-7.avif	official	https://assets.arkham.build/optimized/02229-7.avif	multiple-historical-mutations	Quick Thinking
02229-8.avif	official	https://assets.arkham.build/optimized/02229-8.avif	multiple-historical-mutations	Quick Thinking
02229-9.avif	official	https://assets.arkham.build/optimized/02229-9.avif	multiple-historical-mutations	Quick Thinking
02263-10.avif	local-alias	02263-t.avif	unambiguous-local-mutation	Strange Solution
02263-5.avif	local-alias	02263-t.avif	unambiguous-local-mutation	Strange Solution
02263-6.avif	local-alias	02263-t.avif	unambiguous-local-mutation	Strange Solution
02263-7.avif	local-alias	02263-t.avif	unambiguous-local-mutation	Strange Solution
02263-8.avif	local-alias	02263-t.avif	unambiguous-local-mutation	Strange Solution
02263-9.avif	local-alias	02263-t.avif	unambiguous-local-mutation	Strange Solution
02266-1.avif	local-alias	02266-t.avif	unambiguous-local-mutation	Ace in the Hole
02266-10.avif	local-alias	02266-t.avif	unambiguous-local-mutation	Ace in the Hole
02266-2.avif	local-alias	02266-t.avif	unambiguous-local-mutation	Ace in the Hole
02266-3.avif	local-alias	02266-t.avif	unambiguous-local-mutation	Ace in the Hole
02266-4.avif	local-alias	02266-t.avif	unambiguous-local-mutation	Ace in the Hole
02266-5.avif	local-alias	02266-t.avif	unambiguous-local-mutation	Ace in the Hole
02266-6.avif	local-alias	02266-t.avif	unambiguous-local-mutation	Ace in the Hole
02266-7.avif	local-alias	02266-t.avif	unambiguous-local-mutation	Ace in the Hole
02266-8.avif	local-alias	02266-t.avif	unambiguous-local-mutation	Ace in the Hole
02266-9.avif	local-alias	02266-t.avif	unambiguous-local-mutation	Ace in the Hole
02269-10.avif	local-alias	02269-t.avif	unambiguous-local-mutation	Jewel of Aureolus
02269-5.avif	local-alias	02269-t.avif	unambiguous-local-mutation	Jewel of Aureolus
02269-6.avif	local-alias	02269-t.avif	unambiguous-local-mutation	Jewel of Aureolus
02269-7.avif	local-alias	02269-t.avif	unambiguous-local-mutation	Jewel of Aureolus
02269-8.avif	local-alias	02269-t.avif	unambiguous-local-mutation	Jewel of Aureolus
02269-9.avif	local-alias	02269-t.avif	unambiguous-local-mutation	Jewel of Aureolus
02300-10.avif	official	https://assets.arkham.build/optimized/02300-10.avif	no-local-mutation	Monster Slayer
03006-10.avif	official	https://assets.arkham.build/optimized/03006-10.avif	multiple-historical-mutations	Lola Hayes
03006-5.avif	official	https://assets.arkham.build/optimized/03006-5.avif	multiple-historical-mutations	Lola Hayes
03006-6.avif	official	https://assets.arkham.build/optimized/03006-6.avif	multiple-historical-mutations	Lola Hayes
03006-7.avif	official	https://assets.arkham.build/optimized/03006-7.avif	multiple-historical-mutations	Lola Hayes
03006-8.avif	official	https://assets.arkham.build/optimized/03006-8.avif	multiple-historical-mutations	Lola Hayes
03006-9.avif	official	https://assets.arkham.build/optimized/03006-9.avif	multiple-historical-mutations	Lola Hayes
03019-10.avif	local-alias	03019-t.avif	unambiguous-local-mutation	Crisis of Identity
03019-5.avif	local-alias	03019-t.avif	unambiguous-local-mutation	Crisis of Identity
03019-6.avif	local-alias	03019-t.avif	unambiguous-local-mutation	Crisis of Identity
03019-7.avif	local-alias	03019-t.avif	unambiguous-local-mutation	Crisis of Identity
03019-8.avif	local-alias	03019-t.avif	unambiguous-local-mutation	Crisis of Identity
03019-9.avif	local-alias	03019-t.avif	unambiguous-local-mutation	Crisis of Identity
03029-1.avif	official	https://assets.arkham.build/optimized/03029-1.avif	multiple-historical-mutations	Sleight of Hand
03029-10.avif	official	https://assets.arkham.build/optimized/03029-10.avif	multiple-historical-mutations	Sleight of Hand
03029-2.avif	official	https://assets.arkham.build/optimized/03029-2.avif	multiple-historical-mutations	Sleight of Hand
03029-3.avif	official	https://assets.arkham.build/optimized/03029-3.avif	multiple-historical-mutations	Sleight of Hand
03029-4.avif	official	https://assets.arkham.build/optimized/03029-4.avif	multiple-historical-mutations	Sleight of Hand
03029-5.avif	official	https://assets.arkham.build/optimized/03029-5.avif	multiple-historical-mutations	Sleight of Hand
03029-6.avif	official	https://assets.arkham.build/optimized/03029-6.avif	multiple-historical-mutations	Sleight of Hand
03029-7.avif	official	https://assets.arkham.build/optimized/03029-7.avif	multiple-historical-mutations	Sleight of Hand
03029-8.avif	official	https://assets.arkham.build/optimized/03029-8.avif	multiple-historical-mutations	Sleight of Hand
03029-9.avif	official	https://assets.arkham.build/optimized/03029-9.avif	multiple-historical-mutations	Sleight of Hand
03112-10.avif	local-alias	03112-t.avif	unambiguous-local-mutation	David Renfield
03112-5.avif	local-alias	03112-t.avif	unambiguous-local-mutation	David Renfield
03112-6.avif	local-alias	03112-t.avif	unambiguous-local-mutation	David Renfield
03112-7.avif	local-alias	03112-t.avif	unambiguous-local-mutation	David Renfield
03112-8.avif	local-alias	03112-t.avif	unambiguous-local-mutation	David Renfield
03112-9.avif	local-alias	03112-t.avif	unambiguous-local-mutation	David Renfield
03315-1.avif	local-alias	03315-t.avif	unambiguous-local-mutation	Key of Ys
03315-10.avif	local-alias	03315-t.avif	unambiguous-local-mutation	Key of Ys
03315-2.avif	local-alias	03315-t.avif	unambiguous-local-mutation	Key of Ys
03315-3.avif	local-alias	03315-t.avif	unambiguous-local-mutation	Key of Ys
03315-4.avif	local-alias	03315-t.avif	unambiguous-local-mutation	Key of Ys
03315-5.avif	local-alias	03315-t.avif	unambiguous-local-mutation	Key of Ys
03315-6.avif	local-alias	03315-t.avif	unambiguous-local-mutation	Key of Ys
03315-7.avif	local-alias	03315-t.avif	unambiguous-local-mutation	Key of Ys
03315-8.avif	local-alias	03315-t.avif	unambiguous-local-mutation	Key of Ys
03315-9.avif	local-alias	03315-t.avif	unambiguous-local-mutation	Key of Ys
04032-10.avif	local-alias	04032-t.avif	unambiguous-local-mutation	Dark Prophecy
04032-5.avif	local-alias	04032-t.avif	unambiguous-local-mutation	Dark Prophecy
04032-6.avif	local-alias	04032-t.avif	unambiguous-local-mutation	Dark Prophecy
04032-7.avif	local-alias	04032-t.avif	unambiguous-local-mutation	Dark Prophecy
04032-8.avif	local-alias	04032-t.avif	unambiguous-local-mutation	Dark Prophecy
04032-9.avif	local-alias	04032-t.avif	unambiguous-local-mutation	Dark Prophecy
04105-10.avif	local-alias	04105-t.avif	unambiguous-local-mutation	Persuasion
04105-6.avif	local-alias	04105-t.avif	unambiguous-local-mutation	Persuasion
04105-7.avif	local-alias	04105-t.avif	unambiguous-local-mutation	Persuasion
04105-8.avif	local-alias	04105-t.avif	unambiguous-local-mutation	Persuasion
04105-9.avif	local-alias	04105-t.avif	unambiguous-local-mutation	Persuasion
04110-10.avif	local-alias	04110-t.avif	unambiguous-local-mutation	Counterspell
04110-5.avif	local-alias	04110-t.avif	unambiguous-local-mutation	Counterspell
04110-6.avif	local-alias	04110-t.avif	unambiguous-local-mutation	Counterspell
04110-7.avif	local-alias	04110-t.avif	unambiguous-local-mutation	Counterspell
04110-8.avif	local-alias	04110-t.avif	unambiguous-local-mutation	Counterspell
04110-9.avif	local-alias	04110-t.avif	unambiguous-local-mutation	Counterspell
04233-10.avif	local-alias	04233-t.avif	unambiguous-local-mutation	Pay Day
04233-7.avif	local-alias	04233-t.avif	unambiguous-local-mutation	Pay Day
04233-8.avif	local-alias	04233-t.avif	unambiguous-local-mutation	Pay Day
04233-9.avif	local-alias	04233-t.avif	unambiguous-local-mutation	Pay Day
04305-10.avif	local-alias	04305-t.avif	unambiguous-local-mutation	Flamethrower
04305-3.avif	local-alias	04305-t.avif	unambiguous-local-mutation	Flamethrower
04305-4.avif	local-alias	04305-t.avif	unambiguous-local-mutation	Flamethrower
04305-5.avif	local-alias	04305-t.avif	unambiguous-local-mutation	Flamethrower
04305-6.avif	local-alias	04305-t.avif	unambiguous-local-mutation	Flamethrower
04305-7.avif	local-alias	04305-t.avif	unambiguous-local-mutation	Flamethrower
04305-8.avif	local-alias	04305-t.avif	unambiguous-local-mutation	Flamethrower
04305-9.avif	local-alias	04305-t.avif	unambiguous-local-mutation	Flamethrower
04309-10.avif	local-alias	04309-t.avif	unambiguous-local-mutation	All In
04309-3.avif	local-alias	04309-t.avif	unambiguous-local-mutation	All In
04309-4.avif	local-alias	04309-t.avif	unambiguous-local-mutation	All In
04309-5.avif	local-alias	04309-t.avif	unambiguous-local-mutation	All In
04309-6.avif	local-alias	04309-t.avif	unambiguous-local-mutation	All In
04309-7.avif	local-alias	04309-t.avif	unambiguous-local-mutation	All In
04309-8.avif	local-alias	04309-t.avif	unambiguous-local-mutation	All In
04309-9.avif	local-alias	04309-t.avif	unambiguous-local-mutation	All In
05020-10.avif	local-alias	05020-t.avif	unambiguous-local-mutation	Interrogate
05020-6.avif	local-alias	05020-t.avif	unambiguous-local-mutation	Interrogate
05020-7.avif	local-alias	05020-t.avif	unambiguous-local-mutation	Interrogate
05020-8.avif	local-alias	05020-t.avif	unambiguous-local-mutation	Interrogate
05020-9.avif	local-alias	05020-t.avif	unambiguous-local-mutation	Interrogate
05113-10.avif	local-alias	05113-t.avif	unambiguous-local-mutation	Banish
05113-6.avif	local-alias	05113-t.avif	unambiguous-local-mutation	Banish
05113-7.avif	local-alias	05113-t.avif	unambiguous-local-mutation	Banish
05113-8.avif	local-alias	05113-t.avif	unambiguous-local-mutation	Banish
05113-9.avif	local-alias	05113-t.avif	unambiguous-local-mutation	Banish
05116-10.avif	local-alias	05116-t.avif	unambiguous-local-mutation	Scroll of Secrets
05116-3.avif	local-alias	05116-t.avif	unambiguous-local-mutation	Scroll of Secrets
05116-4.avif	local-alias	05116-t.avif	unambiguous-local-mutation	Scroll of Secrets
05116-5.avif	local-alias	05116-t.avif	unambiguous-local-mutation	Scroll of Secrets
05116-6.avif	local-alias	05116-t.avif	unambiguous-local-mutation	Scroll of Secrets
05116-7.avif	local-alias	05116-t.avif	unambiguous-local-mutation	Scroll of Secrets
05116-8.avif	local-alias	05116-t.avif	unambiguous-local-mutation	Scroll of Secrets
05116-9.avif	local-alias	05116-t.avif	unambiguous-local-mutation	Scroll of Secrets
05153-10.avif	local-alias	05153-t.avif	unambiguous-local-mutation	Mr. "Rook"
05153-3.avif	local-alias	05153-t.avif	unambiguous-local-mutation	Mr. "Rook"
05153-4.avif	local-alias	05153-t.avif	unambiguous-local-mutation	Mr. "Rook"
05153-5.avif	local-alias	05153-t.avif	unambiguous-local-mutation	Mr. "Rook"
05153-6.avif	local-alias	05153-t.avif	unambiguous-local-mutation	Mr. "Rook"
05153-7.avif	local-alias	05153-t.avif	unambiguous-local-mutation	Mr. "Rook"
05153-8.avif	local-alias	05153-t.avif	unambiguous-local-mutation	Mr. "Rook"
05153-9.avif	local-alias	05153-t.avif	unambiguous-local-mutation	Mr. "Rook"
05156-10.avif	local-alias	05156-t.avif	unambiguous-local-mutation	Swift Reflexes
05156-9.avif	local-alias	05156-t.avif	unambiguous-local-mutation	Swift Reflexes
05157-10.avif	local-alias	05157_Mutated25.avif	unambiguous-local-mutation	Wither
05159-10.avif	local-alias	05159-t.avif	unambiguous-local-mutation	Drawing Thin
05159-2.avif	local-alias	05159-t.avif	unambiguous-local-mutation	Drawing Thin
05159-3.avif	local-alias	05159-t.avif	unambiguous-local-mutation	Drawing Thin
05159-4.avif	local-alias	05159-t.avif	unambiguous-local-mutation	Drawing Thin
05159-5.avif	local-alias	05159-t.avif	unambiguous-local-mutation	Drawing Thin
05159-6.avif	local-alias	05159-t.avif	unambiguous-local-mutation	Drawing Thin
05159-7.avif	local-alias	05159-t.avif	unambiguous-local-mutation	Drawing Thin
05159-8.avif	local-alias	05159-t.avif	unambiguous-local-mutation	Drawing Thin
05159-9.avif	local-alias	05159-t.avif	unambiguous-local-mutation	Drawing Thin
05188-10.avif	local-alias	05188-t.avif	unambiguous-local-mutation	Scroll of Secrets
05188-3.avif	local-alias	05188-t.avif	unambiguous-local-mutation	Scroll of Secrets
05188-4.avif	local-alias	05188-t.avif	unambiguous-local-mutation	Scroll of Secrets
05188-5.avif	local-alias	05188-t.avif	unambiguous-local-mutation	Scroll of Secrets
05188-6.avif	local-alias	05188-t.avif	unambiguous-local-mutation	Scroll of Secrets
05188-7.avif	local-alias	05188-t.avif	unambiguous-local-mutation	Scroll of Secrets
05188-8.avif	local-alias	05188-t.avif	unambiguous-local-mutation	Scroll of Secrets
05188-9.avif	local-alias	05188-t.avif	unambiguous-local-mutation	Scroll of Secrets
05189-10.avif	local-alias	05189-t.avif	unambiguous-local-mutation	Scroll of Secrets
05189-3.avif	local-alias	05189-t.avif	unambiguous-local-mutation	Scroll of Secrets
05189-4.avif	local-alias	05189-t.avif	unambiguous-local-mutation	Scroll of Secrets
05189-5.avif	local-alias	05189-t.avif	unambiguous-local-mutation	Scroll of Secrets
05189-6.avif	local-alias	05189-t.avif	unambiguous-local-mutation	Scroll of Secrets
05189-7.avif	local-alias	05189-t.avif	unambiguous-local-mutation	Scroll of Secrets
05189-8.avif	local-alias	05189-t.avif	unambiguous-local-mutation	Scroll of Secrets
05189-9.avif	local-alias	05189-t.avif	unambiguous-local-mutation	Scroll of Secrets
05230-10.avif	local-alias	05230-t.avif	unambiguous-local-mutation	Telescopic Sight
05230-4.avif	local-alias	05230-t.avif	unambiguous-local-mutation	Telescopic Sight
05230-5.avif	local-alias	05230-t.avif	unambiguous-local-mutation	Telescopic Sight
05230-6.avif	local-alias	05230-t.avif	unambiguous-local-mutation	Telescopic Sight
05230-7.avif	local-alias	05230-t.avif	unambiguous-local-mutation	Telescopic Sight
05230-8.avif	local-alias	05230-t.avif	unambiguous-local-mutation	Telescopic Sight
05230-9.avif	local-alias	05230-t.avif	unambiguous-local-mutation	Telescopic Sight
05231-10.avif	local-alias	05231-t.avif	unambiguous-local-mutation	Knowledge is Power
05231-3.avif	local-alias	05231-t.avif	unambiguous-local-mutation	Knowledge is Power
05231-4.avif	local-alias	05231-t.avif	unambiguous-local-mutation	Knowledge is Power
05231-5.avif	local-alias	05231-t.avif	unambiguous-local-mutation	Knowledge is Power
05231-6.avif	local-alias	05231-t.avif	unambiguous-local-mutation	Knowledge is Power
05231-7.avif	local-alias	05231-t.avif	unambiguous-local-mutation	Knowledge is Power
05231-8.avif	local-alias	05231-t.avif	unambiguous-local-mutation	Knowledge is Power
05231-9.avif	local-alias	05231-t.avif	unambiguous-local-mutation	Knowledge is Power
05321-10.avif	local-alias	05321_Mutated25.avif	unambiguous-local-mutation	Wither
05324-10.avif	local-alias	05324-t.avif	unambiguous-local-mutation	Eucatastrophe
05324-4.avif	local-alias	05324-t.avif	unambiguous-local-mutation	Eucatastrophe
05324-5.avif	local-alias	05324-t.avif	unambiguous-local-mutation	Eucatastrophe
05324-6.avif	local-alias	05324-t.avif	unambiguous-local-mutation	Eucatastrophe
05324-7.avif	local-alias	05324-t.avif	unambiguous-local-mutation	Eucatastrophe
05324-8.avif	local-alias	05324-t.avif	unambiguous-local-mutation	Eucatastrophe
05324-9.avif	local-alias	05324-t.avif	unambiguous-local-mutation	Eucatastrophe
06002-10.avif	local-alias	06002-t.avif	unambiguous-local-mutation	Mandy Thompson
06002-5.avif	local-alias	06002-t.avif	unambiguous-local-mutation	Mandy Thompson
06002-6.avif	local-alias	06002-t.avif	unambiguous-local-mutation	Mandy Thompson
06002-7.avif	local-alias	06002-t.avif	unambiguous-local-mutation	Mandy Thompson
06002-8.avif	local-alias	06002-t.avif	unambiguous-local-mutation	Mandy Thompson
06002-9.avif	local-alias	06002-t.avif	unambiguous-local-mutation	Mandy Thompson
06021-3.avif	official	https://assets.arkham.build/optimized/06021-3.avif	no-local-mutation	Segment of Onyx
06022-10.avif	local-alias	06022-t.avif	unambiguous-local-mutation	Pendant of the Queen
06022-4.avif	local-alias	06022-t.avif	unambiguous-local-mutation	Pendant of the Queen
06022-5.avif	local-alias	06022-t.avif	unambiguous-local-mutation	Pendant of the Queen
06022-6.avif	local-alias	06022-t.avif	unambiguous-local-mutation	Pendant of the Queen
06022-7.avif	local-alias	06022-t.avif	unambiguous-local-mutation	Pendant of the Queen
06022-8.avif	local-alias	06022-t.avif	unambiguous-local-mutation	Pendant of the Queen
06022-9.avif	local-alias	06022-t.avif	unambiguous-local-mutation	Pendant of the Queen
06195-10.avif	local-alias	06195-t.avif	unambiguous-local-mutation	.35 Winchester
06195-3.avif	local-alias	06195-t.avif	unambiguous-local-mutation	.35 Winchester
06195-4.avif	local-alias	06195-t.avif	unambiguous-local-mutation	.35 Winchester
06195-5.avif	local-alias	06195-t.avif	unambiguous-local-mutation	.35 Winchester
06195-6.avif	local-alias	06195-t.avif	unambiguous-local-mutation	.35 Winchester
06195-7.avif	local-alias	06195-t.avif	unambiguous-local-mutation	.35 Winchester
06195-8.avif	local-alias	06195-t.avif	unambiguous-local-mutation	.35 Winchester
06195-9.avif	local-alias	06195-t.avif	unambiguous-local-mutation	.35 Winchester
06199-10.avif	local-alias	06199-t.avif	unambiguous-local-mutation	Three Aces
06199-4.avif	local-alias	06199-t.avif	unambiguous-local-mutation	Three Aces
06199-5.avif	local-alias	06199-t.avif	unambiguous-local-mutation	Three Aces
06199-6.avif	local-alias	06199-t.avif	unambiguous-local-mutation	Three Aces
06199-7.avif	local-alias	06199-t.avif	unambiguous-local-mutation	Three Aces
06199-8.avif	local-alias	06199-t.avif	unambiguous-local-mutation	Three Aces
06199-9.avif	local-alias	06199-t.avif	unambiguous-local-mutation	Three Aces
06332-10.avif	local-alias	06332-t.avif	unambiguous-local-mutation	Scavenging
06332-7.avif	local-alias	06332-t.avif	unambiguous-local-mutation	Scavenging
06332-8.avif	local-alias	06332-t.avif	unambiguous-local-mutation	Scavenging
06332-9.avif	local-alias	06332-t.avif	unambiguous-local-mutation	Scavenging
07003-10.avif	local-alias	07003-t.avif	unambiguous-local-mutation	Trish Scarborough
07003-6.avif	local-alias	07003-t.avif	unambiguous-local-mutation	Trish Scarborough
07003-7.avif	local-alias	07003-t.avif	unambiguous-local-mutation	Trish Scarborough
07003-8.avif	local-alias	07003-t.avif	unambiguous-local-mutation	Trish Scarborough
07003-9.avif	local-alias	07003-t.avif	unambiguous-local-mutation	Trish Scarborough
07122-6.avif	official	https://assets.arkham.build/optimized/07122-6.avif	multiple-historical-mutations	Ancient Covenant
07122-7.avif	official	https://assets.arkham.build/optimized/07122-7.avif	multiple-historical-mutations	Ancient Covenant
07122-8.avif	official	https://assets.arkham.build/optimized/07122-8.avif	multiple-historical-mutations	Ancient Covenant
07122-9.avif	official	https://assets.arkham.build/optimized/07122-9.avif	multiple-historical-mutations	Ancient Covenant
07197-10.avif	local-alias	07197-t.avif	unambiguous-local-mutation	Signum Crucis
07197-5.avif	local-alias	07197-t.avif	unambiguous-local-mutation	Signum Crucis
07197-6.avif	local-alias	07197-t.avif	unambiguous-local-mutation	Signum Crucis
07197-7.avif	local-alias	07197-t.avif	unambiguous-local-mutation	Signum Crucis
07197-8.avif	local-alias	07197-t.avif	unambiguous-local-mutation	Signum Crucis
07197-9.avif	local-alias	07197-t.avif	unambiguous-local-mutation	Signum Crucis
07268-10.avif	local-alias	07268-t.avif	unambiguous-local-mutation	Flute of the Outer Gods
07268-5.avif	local-alias	07268-t.avif	unambiguous-local-mutation	Flute of the Outer Gods
07268-6.avif	local-alias	07268-t.avif	unambiguous-local-mutation	Flute of the Outer Gods
07268-7.avif	local-alias	07268-t.avif	unambiguous-local-mutation	Flute of the Outer Gods
07268-8.avif	local-alias	07268-t.avif	unambiguous-local-mutation	Flute of the Outer Gods
07268-9.avif	local-alias	07268-t.avif	unambiguous-local-mutation	Flute of the Outer Gods
07269-10.avif	local-alias	07269-t.avif	unambiguous-local-mutation	A Watchful Peace
07269-4.avif	local-alias	07269-t.avif	unambiguous-local-mutation	A Watchful Peace
07269-5.avif	local-alias	07269-t.avif	unambiguous-local-mutation	A Watchful Peace
07269-6.avif	local-alias	07269-t.avif	unambiguous-local-mutation	A Watchful Peace
07269-7.avif	local-alias	07269-t.avif	unambiguous-local-mutation	A Watchful Peace
07269-8.avif	local-alias	07269-t.avif	unambiguous-local-mutation	A Watchful Peace
07269-9.avif	local-alias	07269-t.avif	unambiguous-local-mutation	A Watchful Peace
07301-10.avif	local-alias	07301-t.avif	unambiguous-local-mutation	Hallow
07301-4.avif	local-alias	07301-t.avif	unambiguous-local-mutation	Hallow
07301-5.avif	local-alias	07301-t.avif	unambiguous-local-mutation	Hallow
07301-6.avif	local-alias	07301-t.avif	unambiguous-local-mutation	Hallow
07301-7.avif	local-alias	07301-t.avif	unambiguous-local-mutation	Hallow
07301-8.avif	local-alias	07301-t.avif	unambiguous-local-mutation	Hallow
07301-9.avif	local-alias	07301-t.avif	unambiguous-local-mutation	Hallow
07308-10.avif	local-alias	07308-t.avif	unambiguous-local-mutation	Rite of Equilibrium
07308-5.avif	local-alias	07308-t.avif	unambiguous-local-mutation	Rite of Equilibrium
07308-6.avif	local-alias	07308-t.avif	unambiguous-local-mutation	Rite of Equilibrium
07308-7.avif	local-alias	07308-t.avif	unambiguous-local-mutation	Rite of Equilibrium
07308-8.avif	local-alias	07308-t.avif	unambiguous-local-mutation	Rite of Equilibrium
07308-9.avif	local-alias	07308-t.avif	unambiguous-local-mutation	Rite of Equilibrium
08019-10.avif	local-alias	08019-t.avif	unambiguous-local-mutation	Geared Up
08019-6.avif	local-alias	08019-t.avif	unambiguous-local-mutation	Geared Up
08019-7.avif	local-alias	08019-t.avif	unambiguous-local-mutation	Geared Up
08019-8.avif	local-alias	08019-t.avif	unambiguous-local-mutation	Geared Up
08019-9.avif	local-alias	08019-t.avif	unambiguous-local-mutation	Geared Up
08032-10.avif	local-alias	08032-t.avif	unambiguous-local-mutation	Jeremiah Kirby
08032-5.avif	local-alias	08032-t.avif	unambiguous-local-mutation	Jeremiah Kirby
08032-6.avif	local-alias	08032-t.avif	unambiguous-local-mutation	Jeremiah Kirby
08032-7.avif	local-alias	08032-t.avif	unambiguous-local-mutation	Jeremiah Kirby
08032-8.avif	local-alias	08032-t.avif	unambiguous-local-mutation	Jeremiah Kirby
08032-9.avif	local-alias	08032-t.avif	unambiguous-local-mutation	Jeremiah Kirby
08045-10.avif	local-alias	08045-t.avif	unambiguous-local-mutation	Prophesiae Profana
08045-5.avif	local-alias	08045-t.avif	unambiguous-local-mutation	Prophesiae Profana
08045-6.avif	local-alias	08045-t.avif	unambiguous-local-mutation	Prophesiae Profana
08045-7.avif	local-alias	08045-t.avif	unambiguous-local-mutation	Prophesiae Profana
08045-8.avif	local-alias	08045-t.avif	unambiguous-local-mutation	Prophesiae Profana
08045-9.avif	local-alias	08045-t.avif	unambiguous-local-mutation	Prophesiae Profana
08055-10.avif	local-alias	08055-t.avif	unambiguous-local-mutation	Black Market
08055-5.avif	local-alias	08055-t.avif	unambiguous-local-mutation	Black Market
08055-6.avif	local-alias	08055-t.avif	unambiguous-local-mutation	Black Market
08055-7.avif	local-alias	08055-t.avif	unambiguous-local-mutation	Black Market
08055-8.avif	local-alias	08055-t.avif	unambiguous-local-mutation	Black Market
08055-9.avif	local-alias	08055-t.avif	unambiguous-local-mutation	Black Market
08076-10.avif	local-alias	08076-t.avif	unambiguous-local-mutation	Burn After Reading
08076-6.avif	local-alias	08076-t.avif	unambiguous-local-mutation	Burn After Reading
08076-7.avif	local-alias	08076-t.avif	unambiguous-local-mutation	Burn After Reading
08076-8.avif	local-alias	08076-t.avif	unambiguous-local-mutation	Burn After Reading
08076-9.avif	local-alias	08076-t.avif	unambiguous-local-mutation	Burn After Reading
08093-10.avif	local-alias	08093-t.avif	unambiguous-local-mutation	Cyclopean Hammer
08093-5.avif	local-alias	08093-t.avif	unambiguous-local-mutation	Cyclopean Hammer
08093-6.avif	local-alias	08093-t.avif	unambiguous-local-mutation	Cyclopean Hammer
08093-7.avif	local-alias	08093-t.avif	unambiguous-local-mutation	Cyclopean Hammer
08093-8.avif	local-alias	08093-t.avif	unambiguous-local-mutation	Cyclopean Hammer
08093-9.avif	local-alias	08093-t.avif	unambiguous-local-mutation	Cyclopean Hammer
08098-10.avif	local-alias	08098-t.avif	unambiguous-local-mutation	Eon Chart
08098-5.avif	local-alias	08098-t.avif	unambiguous-local-mutation	Eon Chart
08098-6.avif	local-alias	08098-t.avif	unambiguous-local-mutation	Eon Chart
08098-7.avif	local-alias	08098-t.avif	unambiguous-local-mutation	Eon Chart
08098-8.avif	local-alias	08098-t.avif	unambiguous-local-mutation	Eon Chart
08098-9.avif	local-alias	08098-t.avif	unambiguous-local-mutation	Eon Chart
08099-10.avif	local-alias	08099-t.avif	unambiguous-local-mutation	Gené Beauregard
08099-5.avif	local-alias	08099-t.avif	unambiguous-local-mutation	Gené Beauregard
08099-6.avif	local-alias	08099-t.avif	unambiguous-local-mutation	Gené Beauregard
08099-7.avif	local-alias	08099-t.avif	unambiguous-local-mutation	Gené Beauregard
08099-8.avif	local-alias	08099-t.avif	unambiguous-local-mutation	Gené Beauregard
08099-9.avif	local-alias	08099-t.avif	unambiguous-local-mutation	Gené Beauregard
08100-10.avif	local-alias	08100-t.avif	unambiguous-local-mutation	Eon Chart
08100-5.avif	local-alias	08100-t.avif	unambiguous-local-mutation	Eon Chart
08100-6.avif	local-alias	08100-t.avif	unambiguous-local-mutation	Eon Chart
08100-7.avif	local-alias	08100-t.avif	unambiguous-local-mutation	Eon Chart
08100-8.avif	local-alias	08100-t.avif	unambiguous-local-mutation	Eon Chart
08100-9.avif	local-alias	08100-t.avif	unambiguous-local-mutation	Eon Chart
08113-10.avif	official	https://assets.arkham.build/optimized/08113-10.avif	multiple-historical-mutations	Unscrupulous Loan
08113-8.avif	official	https://assets.arkham.build/optimized/08113-8.avif	multiple-historical-mutations	Unscrupulous Loan
08113-9.avif	official	https://assets.arkham.build/optimized/08113-9.avif	multiple-historical-mutations	Unscrupulous Loan
09022-10.avif	local-alias	09022-t.avif	unambiguous-local-mutation	Runic Axe
09022-6.avif	local-alias	09022-t.avif	unambiguous-local-mutation	Runic Axe
09022-7.avif	local-alias	09022-t.avif	unambiguous-local-mutation	Runic Axe
09022-8.avif	local-alias	09022-t.avif	unambiguous-local-mutation	Runic Axe
09022-9.avif	local-alias	09022-t.avif	unambiguous-local-mutation	Runic Axe
09041-10.avif	official	https://assets.arkham.build/optimized/09041-10.avif	multiple-historical-mutations	Empirical Hypothesis
09041-8.avif	official	https://assets.arkham.build/optimized/09041-8.avif	multiple-historical-mutations	Empirical Hypothesis
09041-9.avif	official	https://assets.arkham.build/optimized/09041-9.avif	multiple-historical-mutations	Empirical Hypothesis
09045-10.avif	local-alias	09045-t.avif	unambiguous-local-mutation	Research Notes
09045-6.avif	local-alias	09045-t.avif	unambiguous-local-mutation	Research Notes
09045-7.avif	local-alias	09045-t.avif	unambiguous-local-mutation	Research Notes
09045-8.avif	local-alias	09045-t.avif	unambiguous-local-mutation	Research Notes
09045-9.avif	local-alias	09045-t.avif	unambiguous-local-mutation	Research Notes
09072-10.avif	local-alias	09072-t.avif	unambiguous-local-mutation	Chuck Fergus
09072-9.avif	local-alias	09072-t.avif	unambiguous-local-mutation	Chuck Fergus
09077-10.avif	local-alias	09077-t.avif	unambiguous-local-mutation	Underworld Market
09077-8.avif	local-alias	09077-t.avif	unambiguous-local-mutation	Underworld Market
09077-9.avif	local-alias	09077-t.avif	unambiguous-local-mutation	Underworld Market
09081-10.avif	local-alias	09081-t.avif	unambiguous-local-mutation	Power Word
09081-6.avif	local-alias	09081-t.avif	unambiguous-local-mutation	Power Word
09081-7.avif	local-alias	09081-t.avif	unambiguous-local-mutation	Power Word
09081-8.avif	local-alias	09081-t.avif	unambiguous-local-mutation	Power Word
09081-9.avif	local-alias	09081-t.avif	unambiguous-local-mutation	Power Word
09108-10.avif	local-alias	09108-t.avif	unambiguous-local-mutation	Shed a Light
09108-6.avif	local-alias	09108-t.avif	unambiguous-local-mutation	Shed a Light
09108-7.avif	local-alias	09108-t.avif	unambiguous-local-mutation	Shed a Light
09108-8.avif	local-alias	09108-t.avif	unambiguous-local-mutation	Shed a Light
09108-9.avif	local-alias	09108-t.avif	unambiguous-local-mutation	Shed a Light
09117-10.avif	local-alias	09117-t.avif	unambiguous-local-mutation	Old Keyring
09117-7.avif	local-alias	09117-t.avif	unambiguous-local-mutation	Old Keyring
09117-8.avif	local-alias	09117-t.avif	unambiguous-local-mutation	Old Keyring
09117-9.avif	local-alias	09117-t.avif	unambiguous-local-mutation	Old Keyring
10026-10.avif	local-alias	10026-t.avif	unambiguous-local-mutation	Hold Up
10026-9.avif	local-alias	10026-t.avif	unambiguous-local-mutation	Hold Up
10030-10.avif	local-alias	10030-t.avif	unambiguous-local-mutation	Hand-Eye Coordination
10030-9.avif	local-alias	10030-t.avif	unambiguous-local-mutation	Hand-Eye Coordination
10031-10.avif	official	https://assets.arkham.build/optimized/10031-10.avif	no-local-mutation	Strong-Armed
10037-10.avif	local-alias	10037-t.avif	unambiguous-local-mutation	Flurry of Blows
10037-9.avif	local-alias	10037-t.avif	unambiguous-local-mutation	Flurry of Blows
10059-10.avif	local-alias	10059-t.avif	unambiguous-local-mutation	Ravenous Myconid
10059-8.avif	local-alias	10059-t.avif	unambiguous-local-mutation	Ravenous Myconid
10059-9.avif	local-alias	10059-t.avif	unambiguous-local-mutation	Ravenous Myconid
10060-10.avif	local-alias	10060-t.avif	unambiguous-local-mutation	Ravenous Myconid
10060-8.avif	local-alias	10060-t.avif	unambiguous-local-mutation	Ravenous Myconid
10060-9.avif	local-alias	10060-t.avif	unambiguous-local-mutation	Ravenous Myconid
10085-10.avif	official	https://assets.arkham.build/optimized/10085-10.avif	no-local-mutation	Rod of Carnamagos
10098-10.avif	official	https://assets.arkham.build/optimized/10098-10.avif	no-local-mutation	Rod of Carnamagos
11031-10.avif	official	https://assets.arkham.build/optimized/11031-10.avif	no-local-mutation	Quick Shot
11055-10.avif	official	https://assets.arkham.build/optimized/11055-10.avif	no-local-mutation	Bum's Rush
11065-10.avif	local-alias	11065-t.avif	unambiguous-local-mutation	Blood of Thoth
11065-9.avif	local-alias	11065-t.avif	unambiguous-local-mutation	Blood of Thoth
11071-10.avif	local-alias	11071_Mutated25.avif	unambiguous-local-mutation	Spectral Shield
11075-10.avif	local-alias	11075_Mutated25.avif	unambiguous-local-mutation	Spiritual Echo
11117-10.avif	local-alias	11117-t.avif	unambiguous-local-mutation	Archibald MacVeigh
11117-9.avif	local-alias	11117-t.avif	unambiguous-local-mutation	Archibald MacVeigh
11118-10.avif	local-alias	11118_Mutated25.avif	unambiguous-local-mutation	Library Pass
11120-10.avif	local-alias	11120_Mutated25.avif	unambiguous-local-mutation	On Their Heels
60233-10.avif	local-alias	60233-t.avif	unambiguous-local-mutation	The Necronomicon
60233-3.avif	local-alias	60233-t.avif	unambiguous-local-mutation	The Necronomicon
60233-4.avif	local-alias	60233-t.avif	unambiguous-local-mutation	The Necronomicon
60233-5.avif	local-alias	60233-t.avif	unambiguous-local-mutation	The Necronomicon
60233-6.avif	local-alias	60233-t.avif	unambiguous-local-mutation	The Necronomicon
60233-7.avif	local-alias	60233-t.avif	unambiguous-local-mutation	The Necronomicon
60233-8.avif	local-alias	60233-t.avif	unambiguous-local-mutation	The Necronomicon
60233-9.avif	local-alias	60233-t.avif	unambiguous-local-mutation	The Necronomicon
60318-10.avif	local-alias	60318-t.avif	unambiguous-local-mutation	Daredevil
60318-6.avif	local-alias	60318-t.avif	unambiguous-local-mutation	Daredevil
60318-7.avif	local-alias	60318-t.avif	unambiguous-local-mutation	Daredevil
60318-8.avif	local-alias	60318-t.avif	unambiguous-local-mutation	Daredevil
60318-9.avif	local-alias	60318-t.avif	unambiguous-local-mutation	Daredevil
60327-10.avif	local-alias	60327-t.avif	unambiguous-local-mutation	Sharpshooter
60327-6.avif	local-alias	60327-t.avif	unambiguous-local-mutation	Sharpshooter
60327-7.avif	local-alias	60327-t.avif	unambiguous-local-mutation	Sharpshooter
60327-8.avif	local-alias	60327-t.avif	unambiguous-local-mutation	Sharpshooter
60327-9.avif	local-alias	60327-t.avif	unambiguous-local-mutation	Sharpshooter
60332-10.avif	local-alias	60332-t.avif	unambiguous-local-mutation	Chuck Fergus
60332-9.avif	local-alias	60332-t.avif	unambiguous-local-mutation	Chuck Fergus
60405-10.avif	local-alias	60405_Mutated20.avif	unambiguous-local-mutation	Ritual Candles
60405-5.avif	local-alias	60405_Mutated20.avif	unambiguous-local-mutation	Ritual Candles
60405-6.avif	local-alias	60405_Mutated20.avif	unambiguous-local-mutation	Ritual Candles
60405-7.avif	local-alias	60405_Mutated20.avif	unambiguous-local-mutation	Ritual Candles
60405-8.avif	local-alias	60405_Mutated20.avif	unambiguous-local-mutation	Ritual Candles
60405-9.avif	local-alias	60405_Mutated20.avif	unambiguous-local-mutation	Ritual Candles
60414-10.avif	local-alias	60414_Mutated21.avif	unambiguous-local-mutation	Hypnotic Gaze
60414-6.avif	local-alias	60414_Mutated21.avif	unambiguous-local-mutation	Hypnotic Gaze
60414-7.avif	local-alias	60414_Mutated21.avif	unambiguous-local-mutation	Hypnotic Gaze
60414-8.avif	local-alias	60414_Mutated21.avif	unambiguous-local-mutation	Hypnotic Gaze
60414-9.avif	local-alias	60414_Mutated21.avif	unambiguous-local-mutation	Hypnotic Gaze
60416-10.avif	local-alias	60416-t.avif	unambiguous-local-mutation	Voice of Ra
60416-5.avif	local-alias	60416-t.avif	unambiguous-local-mutation	Voice of Ra
60416-6.avif	local-alias	60416-t.avif	unambiguous-local-mutation	Voice of Ra
60416-7.avif	local-alias	60416-t.avif	unambiguous-local-mutation	Voice of Ra
60416-8.avif	local-alias	60416-t.avif	unambiguous-local-mutation	Voice of Ra
60416-9.avif	local-alias	60416-t.avif	unambiguous-local-mutation	Voice of Ra
60417-10.avif	local-alias	60417_Mutated20.avif	unambiguous-local-mutation	Dark Prophecy
60417-5.avif	local-alias	60417_Mutated20.avif	unambiguous-local-mutation	Dark Prophecy
60417-6.avif	local-alias	60417_Mutated20.avif	unambiguous-local-mutation	Dark Prophecy
60417-7.avif	local-alias	60417_Mutated20.avif	unambiguous-local-mutation	Dark Prophecy
60417-8.avif	local-alias	60417_Mutated20.avif	unambiguous-local-mutation	Dark Prophecy
60417-9.avif	local-alias	60417_Mutated20.avif	unambiguous-local-mutation	Dark Prophecy
60423-10.avif	local-alias	60423-t.avif	unambiguous-local-mutation	Hypnotic Gaze
60423-7.avif	local-alias	60423-t.avif	unambiguous-local-mutation	Hypnotic Gaze
60423-8.avif	local-alias	60423-t.avif	unambiguous-local-mutation	Hypnotic Gaze
60423-9.avif	local-alias	60423-t.avif	unambiguous-local-mutation	Hypnotic Gaze
